product_id,product_name,price,detail,published_date,publisher,product_image,author
1,2024 빅데이터분석기사 실기 한권완성: 파이썬(Python) (작업형 제3유형 완벽 대비 / 파이썬 기초부터 실전 대비까지 / 현업 데이터사이언티스트의 코드 전면 공유 / 2023년 포함 최신기출복원문제 6회분 수록),27000,"빅데이터분석기사 실기시험 초단기 합격을 위한 최고의 실전 대비서
‘2024 빅데이터분석기사 실기 한권완성 [파이썬(Python)]’이 출간되었습니다. 실제 시험의 출제 경향을 완벽 분석·반영하여 실기시험을 위한 기초 이론 요약과 변경된 시험 유형에 맞추어 작업형 제3유형까지 대비할 수 있도록 작업형에 대한 핵심이론 및 실전 문제를 한 권에 수록하였습니다. 본 도서는 빅데이터분석기사 실기 합격을 달성하고자 하는 수험생들에게 탁월한 선택이 될 것입니다.

파이썬 입문자도 쉽게 따라 할 수 있는 A to Z 실습
파이썬을 전혀 접해보지 않은 사람도 데이터분석의 실무에 입문할 수 있도록 파이썬의 기본 문법부터 Pandas 등과 같은 데이터분석 라이브러리의 활용법까지 상세한 설명을 수록하였습니다. 실제 시험과 동일한 유형과 난이도로 구성된 연습문제를 수록하여 작업형 시험에 완벽하게 대비할 수 있도록 하였습니다.

제6회부터 적용된 시험 유형 변경 대비, 작업형 시험을 위한 실전 맞춤형 학습
제6회부터 변경된 시험 유형에 대비해 작업형 유형별로 실제 시험에 나올 가능성이 높은 핵심이론만을 수록하였습니다. 이를 활용해 실전 감각을 키울 수 있도록 마무리 문제를 수록하였습니다. 문제마다 저자의 모범 코드 답안이 함께 제시되어 실제 직접 코드를 짜 보면서 시험에 효과적으로 대비할 수 있도록 하였습니다. 또한, 깃허브를 통해 코드를 공유함으로써 실제 코드의 구현 및 수정, 개선 등을 직접 실습해볼 수 있도록 하였습니다.

2023년 6~7회 포함, 빅데이터분석기사 실기 기출복원문제 총 6회분 수록
2023년에 치러진 6~7회를 포함하여 총 6회분의 기출복원문제를 수록하여 실제 시험 문제 유형을 익히고 난이도를 파악할 수 있도록 하였습니다. 또한, 현업 데이터사이언티스트가 직접 작성한 작업형 해설을 통해 최종 복습까지 이루어질 수 있도록 하였습니다.",20240520,예문에듀,,최예신^박진원^이경숙^김주현
2,데이터에듀 빅데이터 분석기사 실기 with Python,26100,"본 도서는 한국데이터산업진흥원에서 실시할 예정인 『빅데이터 분석기사』 자격증을 준비하는 수험생들을 위한 도서입니다. 2014년 데이터분석 준전문가(Advanced Data Analytics semi-Professional, ADsP) 자격증 시험 시행 이후 정부 주도로 빅데이터 분야의 국가공인 자격증 신설을 준비해왔습니다. 

2021년 6월부터 시행한 빅데이터 분석기사 실기시험의 내용, 문제의 난이도 등의 방향을 고려하여 표와 그림을 위주로 중요한 내용을 정리하였으며, 작업형1 유형인 Python 기초, 데이터 다루기과 작업형2 유형인 머신러닝, 신규 출제 범위인 작업형3 유형인 통계분석의 내용을 정리하였습니다.

각 장에는 빅데이터 분석기사 실기 시험 환경에서 필요한 내용을 전반적으로 체크했으며, 다량의 예상문제를 수록하여 내용을 다시 점검할 수 있도록 하였습니다. 본 도서는 3회의 모의고사를 수록하여 가상의 시험을 경험하고 6회분의 최신 기출문제로 시험 합격에 더 가까워질 수 있도록 정보를 제공하고 있습니다. 또한 작업형의 각 장마다 실습용 Python 코드를 제공하여 실습과 실전대비를 지원하고 있습니다. 『빅데이터 분석기사』 자격증을 공부하는 모든 예비 전문가들에게 쉽고 빠르게 자격증을 취득할 수 있도록 도움을 줄 것입니다.",20240503,데이터에듀,\img\데이터에듀 빅데이터 분석기사 실기 with Python.jpg,윤종식
3,2024 이기적 빅데이터분석기사 실기 기본서 Python 분석 (개념부터 기출까지 제공하는 완벽 입문서),22500,"본 도서는 최신 출제기준을 적용한 도서로, 빅데이터분석기사 실기 시험의 경향을 분석하여 수험생들이 혼자서도 학습할 수 있도록 한 완벽 대비서이다. 파이썬 언어를 기반으로 작성되었으며, 많은 예시로 수험자의 공부 폭을 넓혀 다양한 경험을 제공하고, 꼼꼼한 이론과 예상문제를 통해 시험 유형에 철저하게 대비할 수 있도록 하였다. 또한 실기 시험의 핵심을 다루는 요약 자료와 신설된 제3유형 대비 추가 문제, 모의고사 풀이 동영상 등을 이기적 스터디 카페를 통해 제공받을 수 있다.",20231113,영진닷컴,\img\2024 이기적 빅데이터분석기사 실기 기본서 Python 분석 (개념부터 기출까지 제공하는 완벽 입문서).jpg,나홍석^배원성^이건길^이혜영^고려사이버대학교 AI·빅데이터 연구소
4,Python (Python basics for Beginners),40940,"Are you thinking about learning how to use the Python programming language? Thinking about getting started on a programming career?Python is one of the easiest computer programming languages to learn and use, with simple syntax and easy rules to follow. While it is aimed at beginners to Python coding, this book can also be used as a reference for those with a little more experience who want to brush up on their skills.",20210801,Ladoo Publishing LLC,\img\Python (Python basics for Beginners).jpg,Unknown
6,Python,47500,"DescriptionAre you one of those individuals who want to learn more about machine learning using Python? Perhaps you are seeking a detailed guide explaining how you can manage machine learning easily and hassle-free. Then look no further because this book, Machine Learning Using Python: Discover The World Of Machine Learning Using Python Algorithm Analysis, Ide, and Libraries.",20201102,Davide Cicatiello,\img\Python.jpg,Unknown
7,Python (머리에 쏙쏙 들어오는 파이썬 안내서),20000,"고유한 기법으로 파이썬 언어를 가르치는 실용 안내서 『헤드 퍼스트 파이썬』. 파이썬에서 제공하는 함수 모듈, 데이터 마이닝, 데이터 랭글링 등의 기법을 다양한 예제를 통해 쉽고 빠르게 익히도록 도와준다. 파이썬의 기초를 간단히 살펴보고 영속성, 예외 처리, 웹 개발, SQLite, 데이터 마이닝, 구글 앱 엔진을 적용한다. 또한 안드로이드용 웹앱도 만들어 본다. 파이썬 프로그래머가 되기 위해 경험해야 할 모든 것을 가르쳐주는 책이다.",20111028,한빛미디어,\img\Python (머리에 쏙쏙 들어오는 파이썬 안내서).jpg,폴 배리
8,Python (Visual QuickStart Guide),31100,"The quick and easy way to master Python for Internet and Intranet programming with this visual, step-by-step guide to the popular Python programming language. This guide contains cross-platform coverage for the Mac, Windows, and Unix environments ...",20011001,Peachpit Press,\img\Python (Visual QuickStart Guide).jpg,Unknown
9,"처음 만나는 통계와 데이터분석: R과 Python 활용 (R과 Python 활용, 제2판)",18900,"통계와 데이터분석은 금융권 업무와 동떨어져 있고, 극소수의 사람만 알면 되는 그다지 쓸모없는 지식인 것처럼 여겨지던 때가 있었습니다. 그러나 지금은 데이터의 시대이고 빅데이터 분석과 활용이 화두가 될 정도로 상황이 많이 바뀌었습니다. 여기저기에서 통계와 데이터분석을 배우지 않으면 남들보다 뒤처질 것처럼 얘기하다 보니 왠지 꼭 배워야만 할 것 같은 분위기가 형성된 것 같습니다. 이러한 분위기 속에서 통계를 분석 도구로 사용하고 이를 가르치는 입장에서 보면, 너무 급하게 암기식으로 배우거나 현란한 공식에 매몰되어 흥미를 잃고, 실제 데이터를 접했을 때 전혀 적용하지 못하거나 잘못 적용하는 상황을 자주 목격하게 되었습니다.",20240401,한국금융연수원,,윤정연
10,알고리즘으로 배우는 수치해석: Python 활용 (Python 활용),27000,"이 책은 수치해석에 대한 최신의 경향을 따라가기 위해서, 수학적 배경, 알고리즘, 프로그래밍 기법을 한 곳에 모아 놓은 책이다. 따라서, 독자들의 다양한 필요에 따라서 적절한 내용을 체계적으로 학습할 수 있도록 배려하였다. 이 책은 특별히 알고리즘의 작동 원리를 설명하는데 중점을 두었다. 프로그램을 수행하기 위해서는 작동 원리를 반드시 이해해야 하기 때문이다.
 독자들이 수치해석에 대한 기본적인 지식을 충분히 습득할 수 있도록 다음과 같은 주안점을 두어 필요한 내용들을 소개하고 있다.
1. 수학적 이론을 지양하고 보다 쉽게 수치해석의 원리를 이해할 수 있도록 내용을 상세히 풀어서 설명하였다.
2. 알고리즘의 작동원리를 구체적으로 설명하여 이해하기 쉽도록 하였다.
3. 알고리즘을 실제로 구현하기 위한 프로그래밍 기법을 복잡하지 않으면서도 체계적으로 설명하였다.",20220915,학산미디어,,최덕기
11,Intermediate Python,25000,"This book provides you with relevant information about using intermediate Python 3.x for a variety of topics, such as comprehensions, iterators, generators, regular expressions, OOP, queues and stacks, and recursion. Each chapter contains an assortment of code samples that illustrate the topics covered in the chapter material. Companion files including code samples are available by writing to the publisher.",20230918,Mercury Learning and Information,\img\Intermediate Python.jpg,"Campesato, Oswald"
12,기초통계플러스알파 (R과 Python을 활용한),27600,"데이터가 있는 곳에 통계가 있다!

빅데이터의 활용으로 4차 산업혁명 시대인 현대 사회에서 통계학은 필수적인 분석도구라 할 수 있다. 그러나 통계학을 배우거나 사용하려는 사람들에게는 통계학이 어렵고 진입장벽이 높다고 느껴지는 것이 일반적이다. 이 책은 통계학의 기본 개념과 용어, 통계적 사고 방법을 쉽게 받아들일 수 있게 도와주고, 통계학을 배우는 학생들의 눈높이에 맞춰 개념을 정립할 수 있도록 하였다.
또한 최근 각광받고 있는 통계패키지인 R과 Python을 활용하여 통계학의 이론적인 수식에 의거한 문제 해결과 함께 프로그램을 활용하여 원하는 문제를 해결할 수 있도록 실질적 활용 예제를 각 장마다 배치하여 배운 이론을 실제 프로그램에 적용할 수 있도록 하였다.",20230302,경문사,\img\기초통계플러스알파 (R과 Python을 활용한).jpg,김명준^김영화^박영호
13,Python Distilled,60000,The innovative case-based way to learn neurology - completely revised for today's shelf exam,20211109,Pearson,\img\Python Distilled.jpg,David M. Beazley
14,Python for Geeks (Build production-ready applications using advanced Python concepts and industry best practices),60000,"Python for Geeks helps you enhance your Python skills so you can build large-scale projects using modular techniques. The libraries and tricks discussed with practical code examples and case studies make it easy for you to develop scalable, high-performance, and resource-efficient applications for individual machines, clusters, and the cloud.",20211020,Packt Publishing,\img\Python for Geeks (Build production-ready applications using advanced Python concepts and industry best practices).jpg,Unknown
15,Effective Python (90 Specific Ways to Write Better Python),67960,"Updated and Expanded for Python 3
 
It’s easy to start developing programs with Python, which is why the language is so popular. However, Python’s unique strengths, charms, and expressiveness can be hard to grasp, and there are hidden pitfalls that can easily trip you up.

This second edition of Effective Python will help you master a truly “Pythonic” approach to programming, harnessing Python’s full power to write exceptionally robust and well-performing code. Using the concise, scenario-driven style pioneered in Scott Meyers’ best-selling Effective C++, Brett Slatkin brings together 90 Python best practices, tips, and shortcuts, and explains them with realistic code examples so that you can embrace Python with confidence.

Drawing on years of experience building Python infrastructure at Google, Slatkin uncovers little-known quirks and idioms that powerfully impact code behavior and performance. You’ll understand the best way to accomplish key tasks so you can write code that’s easier to understand, maintain, and improve. In addition to even more advice, this new edition substantially revises all items from the first edition to reflect how best practices have evolved.

Key features include
30 new actionable guidelines for all major areas of Python
Detailed explanations and examples of statements, expressions, and built-in types
Best practices for writing functions that clarify intention, promote reuse, and avoid bugs
Better techniques and idioms for using comprehensions and generator functions
Coverage of how to accurately express behaviors with classes and interfaces
Guidance on how to avoid pitfalls with metaclasses and dynamic attributes
More efficient and clear approaches to concurrency and parallelism
Solutions for optimizing and hardening to maximize performance and quality
Techniques and built-in modules that aid in debugging and testing
Tools and best practices for collaborative development",20191125,Addison-Wesley,\img\Effective Python (90 Specific Ways to Write Better Python).jpg,Brett Slatkin
16,Mastering Python,47000,Master the art of writing beautiful and powerful Python by using all of the features that Python 3.,20160801,Packt Publishing,\img\Mastering Python.jpg,Rick van Hattem
17,Python 3 Using Chatgpt / Gpt-4,24000,"This book is intended primarily for people who want to learn both Python 3 and how to use ChatGPT with Python. Chapter One begins with an introduction to fundamental aspects of Python programming, including various data types, number formatting, Unicode and UTF-8 handling, and text manipulation techniques. Later, the book covers loops, conditional logic, and reserved words in Python. You will also see how to handle user input, manage exceptions, and work with command-line arguments. Next, the text transitions to the realm of Generative AI, discussing its distinction from Conversational AI. Popular platforms and models, including ChatGPT, GPT-4, and their competitors, are presented to give readers an understanding of the current AI landscape. The book also sheds light on the capabilities of ChatGPT, its strengths, weaknesses, and potential applications. In addition, you will learn how to generate a variety of Python 3 code samples via ChatGPT using the “Code Interpreter” plugin. Code samples and figures from the book are available for downloading. In essence, the book provides a modest bridge between the worlds of Python programming and AI, aiming to equip readers with the knowledge and skills to navigate both domains confidently.

FEATURES
Includes a chapter on how to generate a variety of Python 3 code samples via ChatGPT using the “Code Interpreter” plugin
Covers basic concepts of Python 3 such as loops, conditional logic, reserved words, user input, manage exceptions, work with command-line arguments, and more
Includes companion files for downloading with source code and figures",20231220,Mercury Learning and Information,\img\Python 3 Using Chatgpt _ Gpt-4.jpg,"Campesato, Oswald"
18,R과 Python을 활용한 통계계산 (개정판),18000,계산도구는 데이터과학에서 손꼽히는 두 언어인 R과 Python다. 모든 알고리즘을 직접 코딩하였고 내장함수(built-in functions)와의 연계를 꾀하였다. R과 Python 중 하나로도 이 책을 학습할 수 있다. 교재에 제시된 R과 Python 스크립트는 출판사 홈페이지(http://www.freeaca.com) 자료실에 올려져 있다. “copy and paste” 및 단순한 편집으로 응용이 가능하다.,20240329,자유아카데미,\img\R과 Python을 활용한 통계계산 (개정판).jpg,허명회
19,처음 만나는 통계와 데이터분석: R과 Python 활용 (R과 Python 활용),20000,"통계와 데이터분석은 금융권 업무와 동떨어져 있고, 극소수의 사람만 알면 되는 그다지 쓸모없는 지식인 것처럼 여겨지던 때가 있었습니다. 그러나 지금은 데이터의 시대
이고 빅데이터 분석과 활용이 화두가 될 정도로 상황이 많이 바뀌었습니다. 여기저기에서 통계와 데이터분석을 배우지 않으면 남들보다 뒤처질 것처럼 얘기하다 보니 왠
지 꼭 배워야만 할 것 같은 분위기가 형성된 것 같습니다. 이러한 분위기 속에서 통계를 분석 도구로 사용하고 이를 가르치는 입장에서 보면, 너무 급하게 암기식으로 배
우거나 현란한 공식에 매몰되어 흥미를 잃고, 실제 데이터를 접했을 때 전혀 적용하지 못하거나 잘못 적용하는 상황을 자주 목격하게 되었습니다.
실무에서 통계를 적용하여 데이터를 분석할 때 컴퓨터 분석 도구를 활용하게 됩니다. 이 책에서는 대중의 접근성을 높이고자 무료로 사용 가능한 프로그래밍 언어인 R과 
Python을 사용하였습니다. R과 Python을 사용하기 위한 프로그램 설치 및 설정, 기본 사용법부터 시작하여 데이터 준비 - 탐색 - 분석 단계까지 기술하였습니다. R과 
Python 언어는 각기 장점을 가지고 있고 사용하는 사람의 배경에 따라 좀 더 편하고 익숙한 언어가 있을 수 있습니다. 하지만 대부분 실무 업무를 하다 보면 분석하는 사
람의 숙련도나 선호도가 아닌 소속 기관이나 부서에 따라 언어를 선택하고 분석하게 되는 상황이 많아 이 책에서는 동일한 작업에 대해 두 언어를 모두 사용하였습니다. 
통계적인 지식을 가지고 있고 프로그램 경험이 있더라도 R과 Python 중 하나의 언어에만 익숙한 경우 이 책을 활용한다면 짧은 시간에 다른 언어를 습득하는 데 도움이 
될 것입니다.
이 책은 통계와 프로그래밍 지식이 거의 없거나 기본적인 내용을 배운 적이 있지만 제대로 이해하지 못하고 여전히 어려움을 느끼고 있는 독자들을 위해 썼습니다. 이 책
의 목적은 다양한 배경을 가진 독자들이 기본적인 데이터분석을 할 수 있도록 하는 것입니다. 데이터분석 기초 수업을 들으면서 보조 교재로 사용한다면 수업 중 이해가 
되지 않는 부분들을 다시 짚고 넘어갈 수 있을 것입니다. 책에 포함된 R과 Python 코드들과 데이터, 그리고 버전의 업그레이드에 따른 수정 내용들은
https://github.com/data-june-yoon/book에서 제공됩니다. 이 책의 많은 그래프가 명암으로만 표현되어 있지만 실제로는 훨씬 색이 다양하고 심미성이 높으니 직접 데이
터와 코드를 활용하여 실습을 해보기를 바랍니다. 또한 책에 대한 의견이나 질문은 저자의 이메일(juneyoon@kbi.or.kr)로 공유하면 됩니다.
높은 수준의 분석을 이해하기 위해서는 통계의 기반이 되는 수학부터 차근차근 시작하여 제대로 배우고 대학원 공부까지 하는 것이 가장 바람직할 것입니다. 하지만 그러
지 못하는 독자들(학습자 포함)을 위해서 수학적인 내용을 많이 덜어내고 최대한 간결하고 직관적으로 설명하려고 하였습니다. 이 책의 후반부에 포함된 통계모형 부분
에서도 각 분석 방법의 적용이 가능한 데이터 형태를 이해하고 프로그램을 적용하는 것에 초점을 맞추었습니다. 다만, 분산분석, 회귀분석, 로지스틱 회귀분석을 실무 프
로젝트에서 활용해야 한다면 이 책을 기반으로 하여 보다 깊이 있는 교재를 활용하여 추가로 공부할 것을 권장합니다. 미리 겁을 먹고 통계와 데이터분석을 기피할 필요
는 없지만, 분석 과정에서 모형에서의 가정이 맞는지 등은 언제나 조심스럽게 점검할 필요가 있습니다.〈br〉〈br〉

이 책을 통해 좀 더 많은 사람들이 R과 Python을 활용한 데이터분석의 매력과 재미에 빠져들기를 바랍니다.",20220314,한국금융연수원,,윤정연
20,파이썬(Python) 3 (쉽고 재미있는 프로그래밍 언어),22500,"『파이썬(Python) 3』은 쉽고 강력한 프로그래밍 언어인 파이썬에 대한 책이다. 파이썬의 기초, 시쿨리, 안드로이드 환경에서의 파이썬 스크립팅, 파이썬을 사용한 문자열 다루기, 다양한 파이썬 패키지의 소개와 다루는 법, 자이썬 등을 다룬다.",20140212,인피니티북스,\img\파이썬(Python) 3 (쉽고 재미있는 프로그래밍 언어).jpg,최용
21,"Python Deep Learning, 3/E (Understand how deep neural networks work and apply them to real-world tasks)",39000,"Master effective navigation of neural networks, including convolutions and transformers, to tackle computer vision and NLP tasks using Python

Key Features:

- Understand the theory, mathematical foundations and structure of deep neural networks
- Become familiar with transformers, large language models, and convolutional networks
- Learn how to apply them to various computer vision and natural language processing problems
- Purchase of the print or Kindle book includes a free PDF eBook",20231124,Packt Publishing,"\img\Python Deep Learning, 3_E (Understand how deep neural networks work and apply them to real-world tasks).jpg",Ivan Vasilev
22,3D 딥러닝 with python (PyTorch3D 등을 사용하여 3D 데이터로 컴퓨터 비전 모델 설계/개발 (한국어판)),26100,이 책은 3D 딥러닝에 대해 다룬 도서입니다. 기초적이고 전반적인 내용을 학습할 수 있습니다.,20240418,홍릉,\img\3D 딥러닝 with python (PyTorch3D 등을 사용하여 3D 데이터로 컴퓨터 비전 모델 설계_개발 (한국어판)).jpg,서정용^송재숙
23,The Python Workshop,59000,"More than just a Python guide for beginners, The Python Workshop takes you through the full spectrum of basic to advanced topics, equipping you with the skills you need to get started with data science and more. Filled with practical step-by-step examples and interactive exercises, you'll learn by doing as you grow your new Python skillset.",20200301,Packt Publishing,\img\The Python Workshop.jpg,Andrew Bird^DR LAU CHER HAN^MARIO CORCHERO JIMENEZ^GRAHAM LEE^AND COREY WADE
24,The Python (파이썬 프로그래밍),20000,"파이썬을 배우기 위해 여러권의 책이 필요 없습니다. 파이썬에 관한 단 한권의 책을 선택해야 한다면 이 책입니다. 프로그래밍 언어와 코딩을 배우길 원하는 사람, 파이썬 애플리케이션을 만들고 싶은 사람, 머신러닝으로 데이터를 분석하고 싶은사람, 파이썬은 이 모두에게 필요합니다. 이 책은 파이썬 프로그래밍 언어의 개념을 확실히 심어줍니다.",20181113,부크크(Bookk),\img\The Python (파이썬 프로그래밍).jpg,허진경
25,비트코딩 Python (최초의 문제은행식 코딩문제집),20000,"『비트코딩 Python』은 문제은행식 코딩 문제집으로 총 516문항을 수록하였다. 또한 각 단원마다 난이도 별 연습문제로 개념을 확실하게 잡을 수 있도록 구성하였으며, 다양한 영역과 다양한 주제의 신선한 문제를 삽입하였다. 이 교재는 처음 코딩을 배우는 학생, 코딩 수업을 듣는 학생, 코딩을 빠르게 하고 싶은 학생, 코딩공부를 해도 프로그램을 작성하는 것이 어려운 학생, 자료구조 등의 전공영역을 공부하기 전 코딩 실력이 부족하다 느끼는 학생들에게 도움이 될 것이다.",20181019,햄큐(HAMQ),\img\비트코딩 Python (최초의 문제은행식 코딩문제집).jpg,박해민
26,Pro Python,77600,"Not only will this book help your code, it will also help you understand and interact with the many established Python communities, or even start your own. Take your Python knowledge and coding skills to the next level.",20100601,Apress,\img\Pro Python.jpg,Marty Alchin
27,Pro Python,77600,"Pro Python, Second Edition explores concepts and features normally left to experimentation, allowing you to be even more productive and creative.In addition to pure code concerns, Pro Python develops your programming techniques and approaches, which will help make you a better Python programmer.",20150107,Apress,\img\Pro Python.jpg,Unknown
28,Python 프로그래밍 (스마트로봇 EV3를 활용한),27000,"『Python 프로그래밍』은 〈스마트로봇 EV3의 개요 및 구성〉, 〈파이썬의 개요 및 설정〉, 〈파이썬 프로그램 작성과 실행〉 등이 수록되어 있다.",20200915,상학당,\img\Python 프로그래밍 (스마트로봇 EV3를 활용한).jpg,남상엽
29,데이터 과학 입문: R과 Python의 활용 (R과 Python의 활용),18000,"이 책은 성신여자대학교에서 “빅데이터의 이해와 활용”을 가르치면서 쓴 강의 텍스트 〈빅 데이터의 과학: R Commander의 활용〉의 고급 버전입니다. 이 책에서는 계산 도구(computing tools)로 R Commander 대신 R과 Python을 사용하였습니다.
  R과 Python은 데이터 과학 커뮤니티에서 활용되는 Top 2 컴퓨터 언어입니다. R은 전통적으로 통계학 배경의 전공자들이 사용하였고, Python은 컴퓨터 전공자들이 사용하였습니다. 두 언어가 기질적인 차이가 있어서 개인별로 선호가 다릅니다만, 선호의 차이는 주로 어느 언어를 먼저 배우느냐에 있어 보입니다. 한국어를 영어보다 먼저 배운 사람은 한국어가 편하고, 영어를 한국어보다 먼저 배운 사람은 영어가 편한 것과 마찬가지입니다. 이 책에서는 R과 Python을 동시에 제시함으로써 두 언어에 대한 비차별적 습득을 도모합니다. 물론 한 가지를 선택하여 학습할 수도 있습니다.
  이 책은 10개의 장으로 구성되어 있습니다. ‘빅’ 데이터 입문에서 시작하여, 수치형 데이터의 탐색, 변수변환, 범주형 데이터의 탐색, 통계적 추론, 회귀모형, 분류모형, 군집화 등의 기본 방법론을 8개의 장에 넣었습니다. 그리고 마지막 2개의 장에 기계학습(machine learning)의 맛보기라고 할 수 있는 k-NN과 나무모형(tree models)에 관한 내용을 수록하였습니다.",20210925,자유아카데미,,허명회
30,Python 3 and Data Visualization,34000,"Python 3 and Data Visualization offers readers a deep dive into the world of Python 3 programming and the art of data visualization. Chapter 1 introduces the essentials of Python, covering a vast array of topics from basic data types, loops, and functions to more advanced constructs like dictionaries, sets, and matrices. In Chapter 2, the focus shifts to NumPy and its powerful array operations, seamlessly leading into the world of data visualization using prominent libraries such as Matplotlib.",20231204,Mercury Learning and Information,\img\Python 3 and Data Visualization.jpg,"Campesato, Oswald"
31,Python 3 and Feature Engineering,28000,"This book is designed for data scientists, machine learning practitioners, and anyone with a foundational understanding of Python 3.x. In the evolving field of data science, the ability to manipulate and understand datasets is crucial. The book offers content for mastering these skills using Python 3. The book provides a fast-paced introduction to a wealth of feature engineering concepts, equipping readers with the knowledge needed to transform raw data into meaningful information.",20231213,Mercury Learning and Information,\img\Python 3 and Feature Engineering.jpg,"Campesato, Oswald"
32,Fastapi: Modern Python Web Development (Modern Python Web Development),75400,"With this practical book, developers familiar with Python will learn how FastAPI lets you accomplish more in less time with less code. Author Bill Lubanovic covers the nuts and bolts of FastAPI development with how-to guides on various topics such as forms, database access, graphics, maps, and more that will take you beyond the basics.",20240102,O'Reilly Media,,Bill Lubanovic
33,Python Real-World Projects (Craft your Python portfolio with deployable applications),48000,"Develop Python applications using an enterprise-based approach with unit and acceptance tests by following agile methods to create a minimum viable product (MVP) and iteratively add features

Key Features
- Master Python and related technologies by working on 12 hands-on projects
- Accelerate your career by building a personal project portfolio
- Explore data acquisition, preparation, and analysis applications
- Purchase of the print or Kindle book includes a free PDF eBook

Book Descrip",20230915,Packt Publishing,\img\Python Real-World Projects (Craft your Python portfolio with deployable applications).jpg,"Lott, Steven F."
34,Clean Code in Python,62580,No details available,20181201,Packt,\img\Clean Code in Python.jpg,Mariano Anaya
35,"Bayesian Analysis with Python, 3/Ed (A practical guide to probabilistic modeling)",39000,No details available,20240401,Packt Publishing,"\img\Bayesian Analysis with Python, 3_Ed (A practical guide to probabilistic modeling).jpg","Martin, Osvaldo"
36,반나절 회계기초(2023) (기업분석 with Python),16200,"회계에 대한 지식을 가장 쉽고 빠르게 배우는 책

[이 책의 특징]
● 사례와 스토리를 통해 회계를 쉽게 접근할 수 있도록 정리한 책
● 매년 천 명 가까운 대기업 재직자를 대상으로 회계와 재무분석을 강의하는 저자의 핵심 포인트
● 기업의 사업개발과 외부감사인, 재무제표 분석가의 시각을 모두 담아 회계를 이해하기 위한 책
● 매년 개정되는 회계기준의 기본 이론을 학습하여 새로운 사업모델의 회계처리를 적용해볼 수 있는 책

재무제표의 작성 원칙은 몇 가지 원리에서 시작했다.
● 재무제표를 통해 기업을 이해하기 위한 시도는 많지만 상당수가 단편적이고 사건 위주의 소재를 통해 바라보는 시각이 많다. 하지만 재무제표는 사업의 일상적인 거래들이 연속적으로 모여 만들어진 결과물일 뿐이고 그렇기 때문에 재무제표 분석의 첫 걸음은 회사의 사업에 대한 이해에서 시작해야 한다. 회사의 거래를 가장 합리적으로 표현하기 위해 만든 것이 회계와 재무제표이기 때문이다. 따라서 이 책을 통해 몇 가지 회계의 기본 이론을 학습함으로써 회사의 거래를 이해하는 회계의 관점을 습득하고 이를 통해 다양한 업종과 새로운 거래에 적용되는 회계의 논리를 배워나갈 수 있다.

회계와 가치평가는 결국 회사를 바라보는 서로 다른 기준이다.
● 회계가 사업의 성과를 합리적으로 표현하기 위한 노력에서 개발되었고, 가치평가는 사업의 성과를 바탕으로 투자자의 투자 성과를 표현하기 위해서 개발되었기 때문에 이 둘은 모두 회사의 사업 성과를 바탕에서 시작한다는 공통점이 있다. 결국 서로 다른 목적에 따라 분석의 방향이 달라졌지만 사업과 거래를 이해하는 것에서 시작해야 하는 것이다. 우리 모두 회사의 경영자가 될 수도 있고, 투자자가 될 수도 있다. 따라서 기업을 이해하기 위해 경영자이자 투자자의 입장이 되어볼 필요가 있고, 이 책은 그러한 관점에 따라 쉽게 서술하고자 노력하였다.",20230203,삼일인포마인,\img\반나절 회계기초(2023) (기업분석 with Python).jpg,윤상철
37,Python als Kernstuck (Maschinelles Lernen und mehr),77010,"""Python im Kern: Machine Learning & Beyond"" ist ein umfassendes Handbuch, das sich mit der Integration von Python in maschinelles Lernen und Deep Learning befasst und die zentrale Rolle von Python bei der Weiterentwicklung dieser Technologien aufzeigt. Das Buch bietet einen tiefen Einblick in grundlegende Theorien, praktische Anwendungen und die neuesten Entwicklungen und vermittelt dem Leser ein solides Verstandnis der Fahigkeiten von Python in verschiedenen KI-Bereichen.",20240429,KS OmniScriptum Publishing,,Unknown
38,Applied Scientific Computing 양장본 Hardcover (With Python),93130,"This easy-to-understand textbook presents a modern approach to learning numerical methods (or scientific computing), with a unique focus on the modeling and applications of the mathematical content.",20180731,Springer,\img\Applied Scientific Computing 양장본 Hardcover (With Python).jpg,Peter R. Turner^Thomas Arildsen^Kathleen Kavanagh
39,Applied Scientific Computing (With Python),65530,"This easy-to-understand textbook presents a modern approach to learning numerical methods (or scientific computing), with a unique focus on the modeling and applications of the mathematical content. Emphasis is placed on the need for, and methods of, scientific computing for a range of different types of problems, supplying the evidence and justification to motivate the reader. Practical guidance on coding the methods is also provided, through simple-to-follow examples using Python.",20180723,Springer Nature B.V.,,Unknown
40,Python 프로그래밍,11500,"4차 산업 혁명 시대의 중심에 서 있는 현대인들에게 프로그래밍 언어를 배워 프로그램을 직접 만들어 보고 작동 방식 및 의미를 이해하는 것은 중요하고 필수 불가결한 요소가 되었다. 하지만 현재의 프로그래밍 언어 교재들은 비록 자연 언어와 유사한 고급 프로그래밍 언어라 할 지라도 컴퓨터 전공자를 대상으로 언어의 문법 설명에 초점이 맞추어져 있다. 일반인 또는 중고등학생과 같은 컴퓨터 비전공자가 처음 프로그래밍 언어를 배우기에는 어려운 점이 있고 코딩에 대한 관심과 열정을 이끌어 내기에 부족한 점이 많다. 이에 코딩을 통해 달성하고자 하는 논리적 사고력 및 문제해결 능력 배양을 우선 순위에 두고 활용할 수 있는 쉬운 프로그래밍 언어를 사용하고 문제 해결을 위한 코딩 위주로 구성된 교재의 개발에 필요성을 느껴 이 책을 쓰게 되었다.
코딩에 처음 입문하고자 하는 경우 복잡한 문법 구조를 가진 어려운 프로그래밍 언어를 선택하기 보다는 배우기 쉬우면서도 다양한 영역에 활용이 가능한 프로그래밍 언어를 선택하는 것이 중요하다. 이에 여기서는 Python 언어를 선택하였으며 문법 구조를 익히기에 적합한 문제들을 제시하고 이러한 문제들을 해결하기 위한 풀이 과정을 연구하여 이를 코딩으로 표현하는 절차를 지향하고 있다. 문제 해결을 위한 코딩으로 자연스럽게 언어의 문법 구조를 익혀 나가는 방식으로 책의 내용을 구성하였다.
이 책은 컴퓨터 코딩에 관심 있는 일반인뿐만 아니라 컴퓨터 전공자의 코딩 입문서로 활용이 가능하다. 교재 활용을 통해 Python 언어의 문법 구조에 자연스럽게 숙달될 수 있고 학습자들이 코딩에 대해 갖는 두려움을 없앨 수 있다. 꾸준한 코딩 연습을 통해 향후 Python을 활용한 다양한 응용 분야의 프로그래밍에 대한 기초를 다질 수 있다.",20170330,퍼플,\img\Python 프로그래밍.jpg,서문석
41,마야 파이썬 2024 (Maya Python 2024),25000,"이 책은 3D 모델링, 애니메이션, 게임 개발 등의 복잡한 작업을 파이썬을 통해 쉽게 하는 방법을 소개합니다. 이 책은 마야 소프트웨어 사용자가 효율적으로 작업을 자동화하고, 창의적인 작업을 위한 커스텀 도구를 만들 수 있도록 돕습니다. 초보자부터 전문가까지, 이 책은 마야와 파이썬의 강력한 결합을 통해 놀라운 결과를 만들어내는 데 필요한 지식과 기술을 제공합니다.",20240124,퍼플,\img\마야 파이썬 2024 (Maya Python 2024).jpg,"신동선, 김경문"
42,모두를 위한 컴퓨팅 사고 (Python 기초문법 수록),21850,▶ 이 책은 컴퓨팅 사고를 다룬 이론서입니다. 컴퓨팅 사고의 기초적이고 전반적인 내용을 학습할 수 있습니다.,20200303,정익사,\img\모두를 위한 컴퓨팅 사고 (Python 기초문법 수록).jpg,김종완
43,"Python Scripting in Blender (Extend the power of Blender using Python to create objects, animations, and effective add-ons)",39000,Learn how to use Python scripts in Blender 3.,20230801,Packt Publishing,"\img\Python Scripting in Blender (Extend the power of Blender using Python to create objects, animations, and effective add-ons).jpg","Acampora, Paolo"
44,Coding Games in Python,25500,"Build and play your own computer games, from creative quizzes to perplexing puzzles, by coding them in the Python programming language!

Whether you're a seasoned programmer or a beginner hoping to learn Python, you'll find Coding Games in Python fun to read and easy to follow. Each chapter shows you how to construct a complete working game in simple numbered steps.",20180703,DK,\img\Coding Games in Python.jpg,DK
45,수치해석 (Python으로 코딩하기),23750,▶ 이 책은 이공학도를 위한 수치해석에 대해 다룬 도서입니다. 수치해석의 기초적이고 전반적인 내용을 확인할 수 있도록 구성했습니다.,20170905,학산미디어,\img\수치해석 (Python으로 코딩하기).jpg,최덕기
46,"Python Crash Course, 3/E (A Hands-On, Project-Based Introduction to Programming)",55000,"Python Crash Course is the world’s bestselling programming book, with over 1,500,000 copies sold to date!

Python Crash Course is the world’s best-selling guide to the Python programming language. This fast-paced, thorough introduction will have you writing programs, solving problems, and developing functioning applications in no time.",20230201,No Starch Press,"\img\Python Crash Course, 3_E (A Hands-On, Project-Based Introduction to Programming).jpg","Matthes, Eric"
47,"파이썬(Python): 1학년 (파이썬, 만화와 대화로 공부해 인공지능 앱까지 도전!)",20000,"만화처럼 빨려 들어가는 비주얼한 프로그래밍 입문서 1학년 시리즈! 
염소 박사님, 다솜 양과 함께라면 인공지능 앱도 뚝딱!
 
누구에게나 가볍고 쉬운 파이썬 입문서!",20181218,성안당,,모리 요시나오
48,"작심 3일 파이썬 Python (모두가 배워야 할 Python, 남몰래 3일만 투자하자!)",16200,"문과 전공 초보자를 본격 배려한 파이썬 기초 3일 특강

파이썬을 배우는 가장 좋은 방법은 ‘수준에 맞는 과외’를 받는 것이라는 취지를 가지고 비전공자, 특히 문과 전공자들에게 적합한 3일 간의 강습을 엮은 책이다. 초보용 도서지만 쉬운 내용만 담긴 것은 아니다. 프로그래밍 아이디어, 알고리즘, 코드 작성과 수정, 개선 작업 등을 점진적으로 다룬다. 용어나 개념은 처음에 몰아서 풀지 않고 꼭 필요한 때에만 적절히 설명하는 구성이기에 마치 단행본처럼 읽어나갈 수 있다. 파이썬 설치 없이 웹상에서 배우는 1일차를 지나, 파이썬 설치 후 날짜계산 프로그램을 짜보면서 시작하는 2일차를 거쳐, 꽤 어려운 자동화 프로그래밍에 도전해보며 3일차를 마친다. 직접 입력하고 실행하는 것을 두려워하는 초보자들을 위해 모든 예제를 간접 체험할 수 있는 각각의 동영상도 QR코드로 제공한다.",20190425,스포트라잇북,"\img\작심 3일 파이썬 Python (모두가 배워야 할 Python, 남몰래 3일만 투자하자!).jpg",황덕창
49,Python으로 학습하는 컴퓨터 알고리즘 (개정판),19800,"배인한의 『Python으로 학습하는 컴퓨터 알고리즘』은 〈알고리즘 개요〉, 〈알고리즘 분석과 차수〉, 〈Python 프로그래밍 언어〉 등에 대한 기초적이고 전반적인 내용이 수록된 책이다.",20240223,홍릉,\img\Python으로 학습하는 컴퓨터 알고리즘 (개정판).jpg,배인한
50,Python How-To,70700,"Dip into the practical solutions to the most common Python problems. Python How-To provides the best practices for writing readable and maintainable Python code. With careful cross-referencing revealing how the same concept can be used in different contexts, this edition offers over 60 detailed answers to fundamental questions about the subject.",20230228,Manning Publications,\img\Python How-To.jpg,Unknown
51,Peasant in Paradise: four seasons eco-living,49500,"A down-to-earth and fun look at saving the planet one household at a time, with 130 plant profiles, 52 recipes, 294 photos, poetry and more.",20210915,Python Press,,Unknown
52,Python for Cybersecurity (Using Python for Cyber Offense and Defense),35000,No details available,20220516,Wiley,\img\Python for Cybersecurity (Using Python for Cyber Offense and Defense).jpg,H Poston
53,"Learn Python (Get Started Now with Our Beginner’s Guide to Coding, Programming, and Understanding Artificial Intelligence in the Fastest-Growing Machine Learning Language)",57700,"Do you want to become a coding & programming expert in no time? This guide will teach you how!Are you interested in coding, programming, and artificial intelligence?Would you like to learn Python, but you have no idea how to start?This guide is the answer to all your problems!(This is the color version of the book)Python is one of the top 10 popular programming languages, and it can be used to developing desktop GUI applications, websites, and web applications.",20210226,Big Book Ltd,"\img\Learn Python (Get Started Now with Our Beginner’s Guide to Coding, Programming, and Understanding Artificial Intelligence in the Fastest-Growing Machine Learning Language).jpg",Unknown
54,"Learn Python (Get Started Now with Our Beginner’s Guide to Coding, Programming, and Understanding Artificial Intelligence in the Fastest-Growing Machine Learning Language)",46870,"Do you want to become a coding & programming expert in no time? This guide will teach you how!Are you interested in coding, programming, and artificial intelligence?Would you like to learn Python, but you have no idea how to start?This guide is the answer to all your problems!(This is the color version of the book)Python is one of the top 10 popular programming languages, and it can be used to developing desktop GUI applications, websites, and web applications.",20210210,Big Book Ltd,"\img\Learn Python (Get Started Now with Our Beginner’s Guide to Coding, Programming, and Understanding Artificial Intelligence in the Fastest-Growing Machine Learning Language).jpg","Adams, Anthony"
55,"Learn Python (Get Started Now with Our Beginner’s Guide to Coding, Programming, and Understanding Artificial Intelligence in the Fastest-Growing Machine Learning Language)",63080,"Do you want to become a coding & programming expert in no time? This guide will teach you how!Are you interested in coding, programming, and artificial intelligence?Would you like to learn Python, but you have no idea how to start?This guide is the answer to all your problems!Python is one of the top 10 popular programming languages, and it can be used to developing desktop GUI applications, websites, and web applications.There are many reasons why learning Python is essential.",20201224,Big Book Ltd,"\img\Learn Python (Get Started Now with Our Beginner’s Guide to Coding, Programming, and Understanding Artificial Intelligence in the Fastest-Growing Machine Learning Language).jpg",Unknown
56,"Learn Python (Get Started Now with Our Beginner’s Guide to Coding, Programming, and Understanding Artificial Intelligence in the Fastest-Growing Machine Learning Language)",45040,"Do you want to become a coding & programming expert in no time? This guide will teach you how!Are you interested in coding, programming, and artificial intelligence?Would you like to learn Python, but you have no idea how to start?This guide is the answer to all your problems!Python is one of the top 10 popular programming languages, and it can be used to developing desktop GUI applications, websites, and web applications.There are many reasons why learning Python is essential.",20201209,Big Book Ltd,"\img\Learn Python (Get Started Now with Our Beginner’s Guide to Coding, Programming, and Understanding Artificial Intelligence in the Fastest-Growing Machine Learning Language).jpg",Unknown
57,기초통계 플러스알파 (R과 Python을 활용한),20000,"데이터가 있는 곳에 통계가 있다.

현대 사회에서 넘쳐나는 테이터를 처리하기 위해서 통계학은 필수적인 분석 도구로 자리매김을 하고 있다. 또한 컴퓨터의 보급과 발달로, 과거에는 분석이 힘들던 대용량 데이터들도 분석이 가능해진지 오래다. 4차 산업혁명 시대, 빅데이터 시대라 불리는 현재, 불확실성은 점점 더 확대되어가고 있으며 그러한 불확실성을 해결하고자 하는 노력과 발전 또한 괄목할만한 성장을 하고 있는 요즈음 통계학은 이제 전공자만이 향유하는 학문의 선을 넘어 거의 모든 학문, 산업 분야에서 필수 불가결한 학문으로 적용 영역을 넓히며 활용되고 있다.",20200302,경문사,\img\기초통계 플러스알파 (R과 Python을 활용한).jpg,김명준^김영화^박영호
58,Pro Python 3 (Features and Tools for Professional Development),65530,"Refine your programming techniques and approaches to become a more productive and creative Python programmer. This book explores the concepts and features that will improve not only your code but also your understanding of the Python community with insights and details about the Python philosophy.Pro Python 3, Third Edition gives you the tools to write clean, innovative code.",20190321,Springer Nature B.V.,,Unknown
59,Plant Spirit Gardener,40960,"Gardening can deeply nurture our heart and soul, especially if we become aware of the invisible realms and want to be a co-creator with the spirits of nature. We can be shamans in our own backyards practising ‘divine gardening’ with the down-to-earth esoteric wisdom in this book, the eighth from Australian-Irish geomancer Alanna Moore. Everything a sensitive gardener needs to do to profoundly connect with Mother Nature is here.",20161101,Python Press,\img\Plant Spirit Gardener.jpg,Unknown
60,"Earth Render - The Art of Clay Plaster, Render and Paints",44240,"Rendering or plastering is a craft as old as house building, the basic methods and concepts having changed little over time.  
This book offers a detailed look at the use of raw earth for painting and rendering walls in new as well as in existing buildings, focusing on sand-clay render, straw-clay render and clay paints.",20131004,Python Press,"\img\Earth Render - The Art of Clay Plaster, Render and Paints.jpg",Python Press
61,The Wisdom of Water,36050,"In this esoteric discourse by Australian geomancer Alanna Moore, we see how water conveys intelligence, vitality and healing to landscapes, as well as our own watery being. Found by water diviners in locations undreamed of by hydrologists, water's manifestations are often mysterious. The earliest sacred sites were connected to water and spiritual traditions flowed from them. The Wisdom of Water pays homage to water's role in landscapes, it's subtle energetic aspects and global folk traditions.",20071007,Python Press,\img\The Wisdom of Water.jpg,Unknown
62,Touchstones for Today,32770,"Ancient standing stones transmit beneficial Earth energies and provide anchor points for the power and spirit of the land. Old traditions of healing, divination, wish fulfillment and fertility associated with certain stones continue to hold currency today. Anyone can tune into Earth's subtle dimensions with the art of dowsing and other forms of super-sensory attunement.",20130216,Python Press,\img\Touchstones for Today.jpg,Unknown
63,The Sheltermaker’s Manual - Volume 1,54070,"When architect Peter Cowman dreamed up his groundbreaking ‘Be Your Own Architect’ concept he quickly discovered that his university education had neglected to teach him the rudiments of house design! Realising that people had always practiced a ‘vernacular’ architecture he set out to revive this tradition. 

Vernacular styles of building are characterised by their simplicity, by their use of local materials and by the ease with which they can be constructed.",20130216,Python Press,\img\The Sheltermaker’s Manual - Volume 1.jpg,Unknown
64,The Sheltermaker’s Manual - Volume 2,54070,"There are many hidden aspects to the process of ‘sheltermaking’. Peter Cowman refers to these as the ‘invisible architecture’. Unseen yet powerful in their effect, one will ignore these at one’s peril!

We are invited to think of this invisible architecture not just in terms of physical buildings but also in terms of our dream world and the lives we have to live.",20130216,Python Press,\img\The Sheltermaker’s Manual - Volume 2.jpg,Unknown
65,Backyard Poultry - Naturally,40960,"Perfect as micro-livestock for the edible backyard, the popularity of poultry is not surprising. However, good information about natural poultry care can be hard to come by. But this book has it all!

Now in it's 3rd edition, Backyard Poultry - Naturally has become the bible for the chemical-free raising of your feathered friends.",20140215,Python Press,\img\Backyard Poultry - Naturally.jpg,Unknown
66,Statistical Machine Learning(빅데이터/R/Python) (빅데이터/R/Python),35150,"『Statistical Machine Learning(빅데이터/R/Python)』는 정형과 비정형 자료를 분석하는 방법을 이론적으로 설명하였다. 빅데이터의 차원을 축소하는 수리적 방법을 자세히 설명하였고, supervised learning과 unsupervised learning순으로 방법들을 소개하였다. 끝 부분에 text mining 방법과 사회네트워크 분석을 설명하였다. 컴퓨터 프로그램은 빅데이터 분석에서 가장 많이 사용되는 프로그램 중에서 R과 Python프로그램을 사용하였다. 많은 경우에 같은 데이터를 두 프로그램으로 동시에 분석하였기 때문에 통계학 전공자는 R을 이용하여 Python을 이해할 수 있고, 공학 전공자는 Python을 이용하여 R을 이해할 수 있다.",20170120,교우사(오판근),\img\Statistical Machine Learning(빅데이터_R_Python) (빅데이터_R_Python).jpg,이관제
67,R과 Python을 이용한 확률 및 통계,31500,"통계학을 전공하는 학생은 물론 이를 응용하는 여러 분야의 학생들을 위한 통계학 입문서이다. 통계학의 기반이 되는 자료를 요약 및 정리하는 방법과 확률이론에 대하여 알아보고, 기본적인 통계적 추론방법의 이론을 공부하여 다양한 예제와 컴퓨터 실습을 통해 실제 문제에서 쉽게 응용할 수 있도록 집필하였다.",20230810,자유아카데미,\img\R과 Python을 이용한 확률 및 통계.jpg,박진호^박헌진^온일상^유동현^조민호
68,"Network Science with Python (Explore the networks around us using network science, social network analysis, and machine learning)",43000,"Discover the use of graph networks to develop a new approach to data science using theoretical and practical methods with this expert guide using Python, printed in color

Key Features
- Create networks using data points and information
- Learn to visualize and analyze networks to better understand communities
- Explore the use of network data in both - supervised and unsupervised machine learning projects
- Purchase of the print or Kindle book includes a free PDF eBook

Book Description",20230228,Packt Publishing,"\img\Network Science with Python (Explore the networks around us using network science, social network analysis, and machine learning).jpg","Knickerbocker, David"
69,Python Projects for Kids,19000,"Key Features

* Learn to start using Python for some simple programming tasks such as doing easy mathematical calculations.
* Use logic and control loops to build a nice interesting game.
* Get to grips with working with data and, once you're comfortable with that, you'll be introduced to Pygame, which will help you wrap up the book with a cool game.",20160414,Packt Publishing,\img\Python Projects for Kids.jpg,"Ingrassellino, Jessica"
70,Explorations in Numerical Analysis: Python Edition (Python Edition),144210,"This textbook is intended to introduce advanced undergraduate and early-career graduate students to the field of numerical analysis. This field pertains to the design, analysis, and implementation of algorithms for the approximate solution of mathematical problems that arise in applications spanning science and engineering, and are not practical to solve using analytical techniques such as those taught in courses in calculus, linear algebra or differential equations.",20210718,World Scientific Publishing Company,,James V Lambers^Amber Sumner Mooney^Vivian a Montiforte
71,비지니스 Python 첫걸음 (쉽게 따라하며 배우는),20700,"'프로그래밍의 정규 과목화', '기계 학습', 'AI' 등의 키워드를 신문이나 잡지, 텔레비전에서 볼 수 있는 기회가 많아진 지금, 엔지니어 뿐만이 아니라 일반적인 사무직이나 학생 사이에서도 프로그래밍에 대한 관심이 높아지고 있다. 그리고 여러 프로그래밍 언어 중 가장 주목을 받고 있는 것은 ""Python"" 이다. 



Python은 AI와 기계 학습에 관련된 프로그래밍에 최적일 뿐만 아니라 처음 프로그래밍을 배우는 사람도 이해하기 쉽고 쓰기 쉬운 언어라는 평가도 받고 있다. 즉, 앞으로 프로그래밍을 배우는 어린이나 학생을 비롯해 프로그래밍을 배워 업무를 효율적으로 처리하거나 일의 폭을 넓히고 싶은 비즈니스맨에게 딱 알맞는 프로그램인 것이다. 그리고 이 책에서는 지금까지 프로그래밍 경험이 없는 사람도 이해할 수 있도록, 기초부터 해설한다.",20211130,출판사Bogook(출판사보국),\img\비지니스 Python 첫걸음 (쉽게 따라하며 배우는).jpg,나카지마 쇼고
72,"Data Augmentation with Python (Enhance deep learning accuracy with data augmentation methods for image, text, audio, and tabular data)",39000,"Boost your AI and generative AI accuracy using real-world datasets with over 150 functional object-oriented methods and open source libraries

Purchase of the print or Kindle book includes a free PDF eBook

Key Features
Explore beautiful, customized charts and infographics in full color
Work with fully functional OO code using open source libraries in the Python Notebook for each chapter
Unleash the potential of real-world datasets with practical data augmentation techniques

Book Descr",20230428,Packt Publishing,"\img\Data Augmentation with Python (Enhance deep learning accuracy with data augmentation methods for image, text, audio, and tabular data).jpg","Haba, Duc"
73,Deep Learning with Python,48000,"Summary

Deep Learning with Python introduces the field of deep learning using the Python language and the powerful Keras library. Written by Keras creator and Google AI researcher Fran?ois Chollet, this book builds your understanding through intuitive explanations and practical examples.

Purchase of the print book includes a free eBook in PDF, Kindle, and ePub formats from Manning Publications.

About the Technology

Machine learning has made remarkable progress in recent years. We went from near-unusable speech and image recognition, to near-human accuracy. We went from machines that couldn't beat a serious Go player, to defeating a world champion. Behind this progress is deep learning?a combination of engineering advances, best practices, and theory that enables a wealth of previously impossible smart applications.

About the Book

Deep Learning with Python introduces the field of deep learning using the Python language and the powerful Keras library. Written by Keras creator and Google AI researcher Fran?ois Chollet, this book builds your understanding through intuitive explanations and practical examples. You'll explore challenging concepts and practice with applications in computer vision, natural-language processing, and generative models. By the time you finish, you'll have the knowledge and hands-on skills to apply deep learning in your own projects.

What's Inside

Deep learning from first principles
Setting up your own deep-learning environment
Image-classification models
Deep learning for text and sequences
Neural style transfer, text generation, and image generation
About the Reader

Readers need intermediate Python skills. No previous experience with Keras, TensorFlow, or machine learning is required.",20171031,Manning Publications,\img\Deep Learning with Python.jpg,"Chollet, Francois"
74,"Python Data Analysis, 2/E",47000,"Data analysis techniques generate useful insights from small and large volumes of data. Python, with its strong set of libraries, has become a popular platform to conduct various data analysis and predictive modeling tasks.

With this book, you will learn how to process and manipulate data with Python for complex analysis and modeling. We learn data manipulations such as aggregating, concatenating, appending, cleaning, and handling missing values, with NumPy and Pandas.",20170601,Packt,"\img\Python Data Analysis, 2_E.jpg",Armando Fandango
75,Python을 이용한 개인화 추천 시스템 (제2판),18000,"이 책의 가장 중요한 목적은 독자들이 주요 개인화 추천 알고리즘의 작동원리를 이해하도록 하는 것이다. 이를 위해 이 책에서는 개인화 추천 기술의 전반적인 내용, 그중에서도 특히 연속값을 사용하는 개인화 추천 기술을 다룬다. 구체적으로는 협업 필터링(collaborative filtering), 행렬요인화(matrix factorization), Factorization Machines(FM), 그리고 딥러닝(deep learning) 추천 알고리즘 등에 대해 다룬다. 또한 다수의 추천 알고리즘을 결합한 하이브리드(hybrid) 추천 시스템 등에 대해서도 설명한다. 이 책에서는 각 알고리즘별로 기본 원리에 대한 설명과 각 알고리즘이 Python으로 어떻게 구현될 수 있는지를 예를 통해서 보여주고 있다. 이 책을 순서대로 따라가면 개인화 추천 시스템의 다양한 알고리즘에 대한 기본적인 원리를 이해할 수 있을 것이다.",20220610,청람,\img\Python을 이용한 개인화 추천 시스템 (제2판).jpg,임일
76,프로그래머를 위한 Python,34200,"최신 인공지능 주제를 총 망라한 개발자용 고급 파이썬 입문서

미 피어슨(Pearson) 사 특유의 내용의 깊이가 상당한 프로그래밍 언어 고급서 시리즈 중 데이텔 앤 어소시에이츠 사의 ‘Python for Programmers’가 오랜만에 번역판으로 나왔다. 특히 이 책은 “파이썬 하면 인공지능 언어”라는 기대를 저버리지 않을 만큼 최신 인공지능과 데이터과학의 이슈를 빠짐없이 망라하여 다양한 실제 사례와 함께 소개한다. 
타 고급 언어에 대한 배경 지식이 있는 프로그래머를 대상으로 하기도 하지만 실습 지침을 사용하여 파이썬(Python)을 첨단 컴퓨팅 기술과 프로그래밍을 알려주는 데 주안점을 둔다. 개별 스니펫에서 40개의 대형 스크립트 및 전체 구현 사례 연구에 이르는 500개 이상의 실제 예제와 관련된 주피터 노트북 코드와 함께 대화형 IPython 인터프리터를 사용하여 최신 파이썬 코딩 관용구를 빠르게 마스터할 수 있다. 

1~5장의 파이썬 내용과 6~7장의 핵심 부분을 배우고 나면 11~16장의 실습 입문 AI 사례 연구의 상당 부분을 익힐 수 있다. 여기에는 자연어 처리, 감정 분석을 위한 트위터? 데이터 마이닝, IBM? 왓슨™을 사용한 인지 컴퓨팅, 분류 및 회귀가 포함된 지도 머신러닝, 클러스터링을 사용한 비지도 머신러닝, 딥러닝 및 컨볼루션 신경망을 통한 컴퓨터 비전, 딥러닝, 하둡을 이용한 빅데이터가 포함된다. 신경망, 하둡, 스파크와 NoSQL 데이터베이스를 사용한 빅데이터, 사물인터넷 외에도 트위터?, 구글 트랜슬레이트™, IBM? 왓슨™, 마이크로소프트 애저(Azure)?, 오픈맵퀘스트(OpenMapQuest), 펍넙(PubNub) 등을 포함한 클라우드 기반 서비스로 직간접적으로 작업하게 된다. 

저자인 아들 폴 데이텔(Paul Deitel)과 공동 저자인 아버지 하비 데이텔(Harvey Deitel) 박사는 MIT 동문이자  국제적으로 인정받는 프로그래밍 언어 저작 및 기업 교육기관인 데이텔 앤 어소시에이츠 사(Deitel & Associates, Inc.)의 설립자이다.",20211223,성안당,\img\프로그래머를 위한 Python.jpg,폴 데이텔^하비 데이텔
77,Greedy Python,20000,"In this humorous tale about manners, respect, and friendship, a greedy python eats every creature he comes across in the jungle. From a tiny mouse to an enormous elephant, the eaten animals eventually befriend one another in the belly of the snake where they team up and kick the inside of the python until he spits them out. Rather than learning his lesson, the python sticks to his greedy ways. When he spots his own tail and mistakes it for food, he swallows himself and...",20090707,Simon & Schuster,\img\Greedy Python.jpg,"Carle, Eric (ILT)/ Buckley, Richard"
78,"Python을 사용한 심층 강화 학습 (Second Edition, 한국어판)",44790,이 책은 파이썬에 대해 다룬 컴퓨터 책이다. Python을 사용한 심층 강화 학습의 기초적이고 전반적인 내용을 학습할 수 있도록 구성하였다.,20230420,홍릉,"\img\Python을 사용한 심층 강화 학습 (Second Edition, 한국어판).jpg",수다르산 라비찬디란
79,이기적 빅데이터분석기사 실기 기본서 (필답형 + Python 분석 + R 분석),22500,"본 도서는 최신 출제기준을 적용한 도서로, 빅데이터분석기사 실기 시험의 출제 경향을 철저히 분석하여 수험생들이 혼자서도 학습할 수 있도록 한 완벽 대비서이다. 파이썬과 R 언어를 모두 다루며 수험자의 공부 폭을 넓혀 다양한 경험을 제공하고, 꼼꼼한 이론과 예상문제를 통해 시험 유형에 철저하게 대비할 수 있도록 하였다. 또한 실기 시험의 핵심을 다루는 모의고사 풀이 동영상을 독자에게 무료로 제공하여 시험 준비에 도움이 되도록 하였다.",20220506,영진닷컴,\img\이기적 빅데이터분석기사 실기 기본서 (필답형 + Python 분석 + R 분석).jpg,나홍석^배원성^이건길^이혜영^고려사이버대학교 AI·빅데이터 연구소
80,Level Up Python (레벨업하듯 차근차근 배우는 파이썬 프로그래밍),29800,"파이썬 기초 문법부터 다양한 연습문제들, 자기만의 프로젝트 개발, 데이터분석까지!

입문자를 위한 파이썬 프로그래밍 책, 어려운 코딩 전문 서적에 손이 가지 않았다면 이 책으로 시작해보자!",20230322,북팟,\img\Level Up Python (레벨업하듯 차근차근 배우는 파이썬 프로그래밍).jpg,박희수
81,Cracking Codes with Python (An Introduction to Building and Breaking Ciphers),35000,"Learn how to program in Python while making and breaking ciphers--algorithms used to create and send secret messages! 
After a crash course in Python programming basics, you'll learn to make, test, and hack programs that encrypt text with classical ciphers like the transposition cipher and Vigenere cipher.",20180109,No Starch Press,\img\Cracking Codes with Python (An Introduction to Building and Breaking Ciphers).jpg,Al Sweigart
82,PYTHON 알고리즘 프로그래밍,27000,"인간의 뇌는 이성과 감성이 있어서, 논리적인 행동과 감정 행위를 하게 된다. 컴퓨터는 아직 까지 인간의 논리적인 행동을 따라하도록 만들었으며, 인간의 전두엽 (행동의 제어)와 측두 엽 (기억) 처럼, CPU (중앙처리장치, central processing unit)와 메모리를 사용해서 주어진 연 산을 계산하게 된다.
컴퓨터과학 (computer science)은 물리학이 자연현상을 모델링하는 것 처럼, 인간의 사고를 모델링하는 것을 목표로 하는 학문이다. 인간의 사고는 기억 (memory) 과 논증 (reasoning)으로 구분할 수 있는데, 어떤 현상에 대한 사실적 기술을 하는 descriptive knowledge와 어떤 프로세스를 어떤 단계로 만들어가는지를 생각하는 procedural knowledge 로 나누어 생각할 수 있다.
본 교재에서는, procedural knowledge를 대표하는 알 고리즘 (어떤 문제를 푸는 단계들의 집합을 설계하는 일) 을 배우고, 종이에 직접 알고리즘 을 돌려보면서 원리를 이해하고, 이를 C 언어로 구현하여 컴퓨터로 돌려보면서 또 생각지 못했던 것들을 배우는 것을 목표로 한다.",20220301,서울시립대학교출판부,\img\PYTHON 알고리즘 프로그래밍.jpg,김성환
83,Data-Centric Machine Learning with Python (The ultimate guide to engineering and deploying high-quality models based on good data),39000,No details available,20240229,Packt Publishing,\img\Data-Centric Machine Learning with Python (The ultimate guide to engineering and deploying high-quality models based on good data).jpg,"Christensen, Jonas^Bajaj, Nakul^Gosada, Manmohan"
84,Python 3 START-UP (소프트웨어 창의력 향상을 위한),22500,"이 책에서는 많은 양을 다루기보다는 핵심부분을 부각시켜 의미를 부여하고 실습문제를 풀어봄으로써 실력을 다질 수 있도록 구성하였습니다. 
그리고 각 단원에서 배워야 하는 중요한 부분을 다시 한 번 핵심요약으로 정리하여 확실하게 마무리하는 과정으로 전개하였으므로 프로그램을 전혀 모르고 접해 본 경험이 없더라도 쉽게 접근할 수 있도록 각 Part별 배워야 할 내용들을 충실히 집필하였습니다. 
이 책의 구성은 크게 5개의 Part로 구성하였으며 각 Part별 구성내용은 다음과 같습니다. Par1 01에서는 파이썬 프로그램의 특징과 실습 환경구축 및 연산자의 우선순위와 종류에 대해 다루었고 Part 02에서는 파이썬에서 제공하는 데이터 타입의 종류와 활용방법 및 파일 입출력 과정에서의 포맷팅 설정방법에 대해 다루었습니다. Part 03에서는 조건에 따라 분기되는 프로그램 실행방법과 주어진 조건에 따라 프로그램을 반복 수행하는 문법구조에 대해 다루었으며 Part 04에서는 라이브러리 함수와 사용자 정의 함수 및 프로그램 모듈화와 파이썬에서 만나는 객체지향 프로그램에 대해 다루었습니다. Part 05에서는 파이썬에서 제공되는 기본 위젯의 배치와 크기 조절 및 마우스와 키보드 이벤트 처리방법에 대해 배우기 쉽게 다루었습니다.",20180623,북스홀릭퍼블리싱,\img\Python 3 START-UP (소프트웨어 창의력 향상을 위한).jpg,신윤환
85,Advanced Python Programming (Accelerate your Python programs using proven techniques and design patterns),59000,Python comes with a plethora of tools that enable you to create high-performance and robust programs. This book will help you explore these tools to take your programs to the next level by introducing a myriad of advanced functionalities and providing practical knowledge of how to apply them to your own use cases.,20220601,Packt Publishing,\img\Advanced Python Programming (Accelerate your Python programs using proven techniques and design patterns).jpg,Quan Nguyen
86,"Programming the Raspberry Pi, Third Edition: Getting Started with Python (Getting Started with Python)",19540,No details available,20210604,McGraw-Hill,,"Monk, Simon"
87,파이썬(Python) 3학년 머신러닝의 구조 (체험으로 배우고! 대화 형식으로 공부!),16200,"인공지능의 부분집합 머신러닝을 알기 쉽게 설명!
머신러닝의 개념과 비교, 실행 방법을 확실하게 잡아주는 똑똑한 입문서

인공지능의 인기로 학습 필요성이 높아진 머신러닝 입문서 『파이썬 3학년』이 출간되었다. 
염소 박사와 다솜 양 같은 동물 캐릭터의 친근한 일러스트와 묻고 답하는 대화형 설명으로 친숙한 『파이썬 1학년』이 출간된 이후 『파이썬 2학년 스크래핑의 구조』, 『파이썬 2학년 데이터 분석 구조』이 니왔고 이번에 『파이썬 3학년 머신러닝의 구조』 편이 나온 것이다. 

 인공지능 머신러닝을 실습해볼 수 있는 데이터세트는 이미 많이 공개되어 있다. 이 책의 장점은 이런 데이터세트를 실행하기 위한 파이썬 라이브러리를 포함하여 설치되는 배포판 아나콘다 설치 방법부터 파이썬 웹 인터프리터인 구글 코랩과 주피터 노트북(주피터랩)으로 누구나 실행할 수 있도록 그림과 설명으로 자세하고 쉽게 안내한다는 점이다.
 
 인공지능과 머신러닝(기계학습)에 대해 이 책의 염소 박사는 이렇게 쉽게 설명한다. 

 “인공지능은 데이터를 ‘입력’하면, 판단이나 예측을 ‘출력’하는 것, 즉 ‘매우 똑똑한 함수’야. 실제로 인공지능은 ‘함수’로 기술되어 있어.”
 “머신러닝은 데이터를 많이 넘겨주면, 컴퓨터가 스스로 학습하는 편리한 방법이야.”  

머신러닝의 주요 개념으로 많이 인용되는 회귀, 분석, 클러스터링 같이 구부하기 어려운 개념도 척척 잡아주고, 파이썬 개발 환경의 차이는 물론이고 예를 들면 ‘분류’를 공부할 때 결정 트리와 랜덤 포레스트를 이용했을 때 정확도 차이 등 개념과 활용 면에서 비교해서 공부하기 어려운 부분을 완전히 이해해서 쉽게 설명하는 디테일이 훌륭하다. 

이 책의 예제 코드(.ipynb 파일들)와 함께 홈페이지 회원들에게만 제공하는 회원특전 PDF는 예제 관련 사이트 링크로 성안당 홈페이지(www.cyber.co.kr)에 회원가입 후 [자료실]-[자료실]에서 도서 검색을 통해 다운로드할 수 있다.",20230920,성안당,\img\파이썬(Python) 3학년 머신러닝의 구조 (체험으로 배우고! 대화 형식으로 공부!).jpg,모리 요시나오
88,"이공학도를 위한 수치해석: Python 으로 코딩하기 (Python으로 코딩하기, 제2판)",27000,▶ 이 책은 수치해석을 다룬 이론서입니다. 수치해석의 기초적이고 전반적인 내용을 학습할 수 있습니다.,20190520,학산미디어,,최덕기
89,Python for Finance Cookbook (Over 50 recipes for applying modern Python libraries to financial data analysis),43000,"Solve common and not-so-common financial problems using Python libraries such as NumPy, SciPy, and pandas

Key Features
Use powerful Python libraries such as pandas, NumPy, and SciPy to analyze your financial data
Explore unique recipes for financial data analysis and processing with Python
Estimate popular financial models such as CAPM and GARCH using a problem-solution approach
Book Description
Python is one of the most popular programming languages used in the financial industry, with a huge set of accompanying libraries.

In this book, you'll cover different ways of downloading financial data and preparing it for modeling. You'll calculate popular indicators used in technical analysis, such as Bollinger Bands, MACD, RSI, and backtest automatic trading strategies. Next, you'll cover time series analysis and models, such as exponential smoothing, ARIMA, and GARCH (including multivariate specifications), before exploring the popular CAPM and the Fama-French three-factor model. You'll then discover how to optimize asset allocation and use Monte Carlo simulations for tasks such as calculating the price of American options and estimating the Value at Risk (VaR). In later chapters, you'll work through an entire data science project in the financial domain. You'll also learn how to solve the credit card fraud and default problems using advanced classifiers such as random forest, XGBoost, LightGBM, and stacked models. You'll then be able to tune the hyperparameters of the models and handle class imbalance. Finally, you'll focus on learning how to use deep learning (PyTorch) for approaching financial tasks.

By the end of this book, you’ll have learned how to effectively analyze financial data using a recipe-based approach.

What you will learn
Download and preprocess financial data from different sources
Backtest the performance of automatic trading strategies in a real-world setting
Estimate financial econometrics models in Python and interpret their results
Use Monte Carlo simulations for a variety of tasks such as derivatives valuation and risk assessment
Improve the performance of financial models with the latest Python libraries
Apply machine learning and deep learning techniques to solve different financial problems
Understand the different approaches used to model financial time series data
Who this book is for
This book is for financial analysts, data analysts, and Python developers who want to learn how to implement a broad range of tasks in the finance domain. Data scientists looking to devise intelligent financial strategies to perform efficient financial analysis will also find this book useful. Working knowledge of the Python programming language is mandatory to grasp the concepts covered in the book effectively.",20200601,Packt Publishing,\img\Python for Finance Cookbook (Over 50 recipes for applying modern Python libraries to financial data analysis).jpg,"Lewinson, Eryk"
90,Python 실습으로 기초부터 (컴퓨팅 사고를 키우기 위한 첫 걸음),21780,"『Python 실습으로 기초부터』는 〈컴퓨터적 사고〉, 〈Python 첫걸음〉, 〈자료형〉, 〈연산자〉, 〈거북이와 놀기〉, 〈제어문〉 등을 수록하고 있는 책이다.",20210322,서현사,\img\Python 실습으로 기초부터 (컴퓨팅 사고를 키우기 위한 첫 걸음).jpg,이진영
91,Python for IOT,80290,"Python is powerful programming language. It has efficient high-level data structures and a simple but effective approach to object-oriented programming. Python code is simple, short, readable, intuitive, and powerful, and thus it is effective for introducing computing and problem solving to beginners. It's elegant syntax and dynamic typing, together with its interpreted nature, make it an ideal language for scripting and rapid application development in many areas on most platforms.",20201217,KS OmniScriptum Publishing,\img\Python for IOT.jpg,Unknown
92,"Linear Algebra, Signal Processing, and Wavelets - A Unified Approach: Python Version (Python Version)",143410,"This book offers a user friendly, hands-on, and systematic introduction to applied and computational harmonic analysis: to Fourier analysis, signal processing and wavelets;",20190222,Springer,,"Ryan, Oyvind"
93,Python 실습으로 기초부터 (컴퓨팅 사고를 키우기 위한 첫 걸음),20000,"여러 사회적인 문제들을 소프트웨어로 해결하기 위한 컴퓨팅 사고 능력을 배양하려는 다양한 교육방법이 개발되고 있다. 그 가운데 프로그래밍 언어를 이용하여 프로그래밍 개념을 정립하고 이를 바탕으로 문제해결 방법을 학습하는 소프트웨어 개발을 위한 코딩 교육이 부각되고 있다. 최근에는 전공자뿐만 아니라 비전공자에게 직관적이고 간결하며 이해하기 쉬운 Python이 프로그래밍 학습을 위한 언어로 주목을 받고 있다. 따라서 이 책에서는 독자가 컴퓨팅 사고를 학습하는 데 도움이 되는 Python을 보다 쉽게 이해하고 학습할 수 있도록 다양한 예제와 도식을 이용하여 설명하고 있다.

초급학습자와 중급학습자를 구분하여 컴퓨터 비전공자들에게는 Python 프로그램을 쉽게 학습할 수 있도록 하였고, 컴퓨터 전공자들에게는 보다 심도 있는 학습이 가능하도록 구성하였다. 단순히 컴퓨터 프로그래밍에 대한 기초만을 학습한 후 더 이상 필요치 않는 교재가 아니라 깊이 있는 학습을 요구하는 학습자에게도 도움이 될 수 있을 것이다. 그리고 오늘날 개발되는 대부분의 소프트웨어들은 컴퓨터 언어 중 객체지향 언어로 개발되고 있는데, 객체지향 프로그래밍은 컴퓨터 프로그램에서 매우 중요한 개념이다. 때문에 이 책에서도 이와 같은 중요한 개념들을 최대한 쉽게 소개하려고 노력했다. 앞에서 개념들을 다소 이해하기 어려움이 있을 수 있기 때문에 심도 있는 학습을 원하는 학습자를 위해 뒤쪽으로 배치해 완전히 숙지할 수 있도록 하였다.",20170825,서현사,\img\Python 실습으로 기초부터 (컴퓨팅 사고를 키우기 위한 첫 걸음).jpg,이진영
94,Python 프로그래밍의 이해,20000,"이 교재는 프로그래밍을 처음 배우는 학생들을 대상으로 C 언어나 Java 언어를 배우기 전에 소프트웨어 및 프로그래밍을 이해하기 위한 교재로 사용할 수 있다. 이 교재는 소프트웨어의 기본 개념, 문제 해결, 순서도 등의 프로그래밍을 위한 기초 지식을 먼저 소개하고 이를 바탕으로 프로그래밍의 기본 개념부터 그래픽 프로그래밍까지 소개한다. 총 13개의 장으로 구성하여 간단한 예제 프로그램과 다양한 그래픽 프로그램을 포함하여 초보자들이 쉽게 이해하면서 진행할 수 있도록 하였으며 각 장마다 실습을 위한 실습문제와 연습문제를 포함하였다.",20170117,교보문고,\img\Python 프로그래밍의 이해.jpg,창병모^유석종^이상규
95,"Testing Python (Applying Unit Testing, TDD, BDD and Acceptance Testing)",65960,"Fundamental testing methodologies applied to the popular Python language   Testing Python; Applying Unit Testing, TDD, BDD and Acceptance Testing  is the most comprehensive book available on testing for one of the top software programming languages in the world.",20140818,John Wiley & Sons,"\img\Testing Python (Applying Unit Testing, TDD, BDD and Acceptance Testing).jpg",Unknown
96,Computational Physics: Problem Solving with Python (Problem Solving with Python),76000,"The use of computation and simulation has become an essential part of the scientific process. Being able to transform a theory into an algorithm requires significant theoretical insight, detailed physical and mathematical understanding, and a working level of competency in programming.",20150908,Wiley-Vch,,RH Landau
97,"인과관계 추론과 발견 with Python (실제 사례를 접목한 이론서, 한국어판)",35150,이 책은 인과관계 추론과 발견에 대해 다룬 도서입니다. 기초적이고 전반적인 내용을 학습할 수 있습니다.,20240223,홍릉,"\img\인과관계 추론과 발견 with Python (실제 사례를 접목한 이론서, 한국어판).jpg",김민경^김수환
98,Python 프로그래밍 정복하기 (창의적 사고를 위한),22500,"『창의적 사고를 위한 Python 프로그래밍 정복하기』는 처음으로 컴퓨터 프로그래밍을 학습하는 컴퓨터공학 비전공자 및 저학년의 컴퓨터공학 전공자를 위해 작성되었다. 따라서 컴퓨터 프로그래밍을 학습하는 초보자들이 반드시 알아야할 프로그래밍의 개념과 문법적 표현을 중심으로 다루었다. 뿐만 아니라, 성적 처리 시스템 구현이라는 하나의 주제를 두고서 각 장에서 다룬 내용이 이를 구현하는데 어떻게 적용되는 지를 예를 들어서 설명하였다. 이는 프로그래밍 초보자들이 자신이 아는 지식을 어떠한 상황에 사용해야하는 지에 대한 실제적 예를 보여주며, 컴퓨터 프로그래밍 학습에 많은 도움을 준다. 또한 각 장마다 연습문제를 제공하여 학습한 내용을 복습하고 정리할 수 있도록 하였다.",20160201,북스홀릭퍼블리싱,\img\Python 프로그래밍 정복하기 (창의적 사고를 위한).jpg,강남오^김재호
99,Natural Language Processing: Python and NLTK (Python and Nltk),69000,"Learn to build expert NLP and machine learning projects using NLTK and other Python libraries

About This Book
* Break text down into its component parts for spelling correction, feature extraction, and phrase transformation
* Work through NLP concepts with simple and easy-to-follow programming recipes
* Gain insights into the current and budding research topics of NLP

Who This Book Is For
If you are an NLP or machine learning enthusiast and an intermediate Python programmer who wants t",20180301,Packt Publishing,,Nitin Hardeniya^Jacob Perkins^Deepti Chopra^Nisheeth Joshi^Iti Mathur
100,Learning Python,42000,"Learning Python has a dynamic and varied nature. It reads easily and lays a good foundation for those who are interested in digging deeper. It has a practical and example-oriented approach through which both the introductory and the advanced topics are explained. Starting with the fundamentals of programming and Python, it ends by exploring very different topics, like GUIs, web apps and data science. The book takes you all the way to creating a fully fledged application.",20170501,Packt Publishing,\img\Learning Python.jpg,Fabrizio Romano
